{
  "data_version": 1,
  "firstSpawn": {
    "x": 481.5104447644591,
    "y": 8.116501367928137,
    "z": 65.4763946035325,
    "rotx": 55.799983978271484,
    "roty": 182.4005126953125,
    "rotz": 0,
    "world": "3d9ebf1c-4fa1-4ec2-8d07-6e4886e94abd"
  },
  "warps": {
    "lobby": {
      "world": "3d9ebf1c-4fa1-4ec2-8d07-6e4886e94abd",
      "x": 481.5604662545576,
      "y": 6.0,
      "z": 65.51319943698708,
      "rotx": 76.49958038330078,
      "roty": 0.28640854358673096,
      "rotz": 0.0,
      "name": "lobby"
    },
    "survival": {
      "world": "6b11e8eb-6e53-4acb-9fc2-7acc5b22b596",
      "x": -105.51784830323254,
      "y": 63.0,
      "z": 801.5664203378017,
      "rotx": 61.04954147338867,
      "roty": 98.23637390136719,
      "rotz": 0.0,
      "name": "survival"
    }
  },
  "warpCategories": {}
}